﻿Designator,Quantity,Value,Footprint,Package,MPN,DNP,Mount_Type,Description,Height,Manufacturer_Name
J1,1,DD50P564TXLF,DSUB-50_Pins,,DD50P564TXLF,,tht,"D-Sub Standard Board Mount Connector, Input Output Connectors, Signal 50 Way Pin Right Angle, without Accessory.",15.75,Amphenol
J2,1,Row A (1-17),PinHeader_1x17_P2.54mm_Vertical,,,,tht,"Generic connector, single row, 01x17, script generated (kicad-library-utils/schlib/autogen/connector/)",,
J3,1,Row B (18-33),PinHeader_1x16_P2.54mm_Vertical,,,,tht,"Generic connector, single row, 01x16, script generated (kicad-library-utils/schlib/autogen/connector/)",,
J4,1,Row C (34-50),PinHeader_1x17_P2.54mm_Vertical,,,,tht,"Generic connector, single row, 01x17, script generated (kicad-library-utils/schlib/autogen/connector/)",,
